model,step,benchmark,score,benchmarks_at_checkpoint
V46,50,vsi_bench,0.296686,8
V46,50,mmsi_bench,0.271,8
V46,50,mindcube_tiny,0.35238100000000006,8
V46,50,viewspatial,0.364846,8
V46,50,site,0.38120899999999996,8
V46,50,blink,0.5579270000000001,8
V46,50,3dsrbench,0.520965,8
V46,50,embspatial,0.6991759999999999,8
V46,100,vsi_bench,0.296012,8
V46,100,mmsi_bench,0.278,8
V46,100,mindcube_tiny,0.357143,8
V46,100,viewspatial,0.364671,8
V46,100,site,0.380856,8
V46,100,blink,0.5530729999999999,8
V46,100,3dsrbench,0.519254,8
V46,100,embspatial,0.698626,8
V46,150,vsi_bench,0.29927,8
V46,150,mmsi_bench,0.27899999999999997,8
V46,150,mindcube_tiny,0.353333,8
V46,150,viewspatial,0.36274500000000004,8
V46,150,site,0.382091,8
V46,150,blink,0.556997,8
V46,150,3dsrbench,0.521907,8
V46,150,embspatial,0.6961539999999999,8
V46,200,vsi_bench,0.300581,8
V46,200,mmsi_bench,0.27899999999999997,8
V46,200,mindcube_tiny,0.348571,8
V46,200,viewspatial,0.36274500000000004,8
V46,200,site,0.381738,8
V46,200,blink,0.5514370000000001,8
V46,200,3dsrbench,0.520965,8
V46,200,embspatial,0.6978019999999999,8
V46,250,vsi_bench,0.302881,8
V46,250,mmsi_bench,0.275,8
V46,250,mindcube_tiny,0.346667,8
V46,250,viewspatial,0.361169,8
V46,250,site,0.384915,8
V46,250,blink,0.550877,8
V46,250,3dsrbench,0.5211359999999999,8
V46,250,embspatial,0.693681,8
V46,300,vsi_bench,0.303601,8
V46,300,mmsi_bench,0.275,8
V46,300,mindcube_tiny,0.348571,8
V46,300,viewspatial,0.36099400000000004,8
V46,300,site,0.387915,8
V46,300,blink,0.550313,8
V46,300,3dsrbench,0.521907,8
V46,300,embspatial,0.697253,8
V46,350,vsi_bench,0.308628,8
V46,350,mmsi_bench,0.27699999999999997,8
V46,350,mindcube_tiny,0.34761899999999996,8
V46,350,viewspatial,0.360819,8
V46,350,site,0.389857,8
V46,350,blink,0.5575030000000001,8
V46,350,3dsrbench,0.521393,8
V46,350,embspatial,0.698626,8
V46,400,vsi_bench,0.305324,8
V46,400,mmsi_bench,0.281,8
V46,400,mindcube_tiny,0.34,8
V46,400,viewspatial,0.36327,8
V46,400,site,0.38703299999999996,8
V46,400,blink,0.559015,8
V46,400,3dsrbench,0.521821,8
V46,400,embspatial,0.698077,8
V46,450,vsi_bench,0.30635100000000004,8
V46,450,mmsi_bench,0.273,8
V46,450,mindcube_tiny,0.340952,8
V46,450,viewspatial,0.363796,8
V46,450,site,0.388092,8
V46,450,blink,0.556038,8
V46,450,3dsrbench,0.523447,8
V46,450,embspatial,0.693407,8
V46,500,vsi_bench,0.307609,8
V46,500,mmsi_bench,0.271,8
V46,500,mindcube_tiny,0.339048,8
V46,500,viewspatial,0.36519599999999997,8
V46,500,site,0.38615,8
V46,500,blink,0.563194,8
V46,500,3dsrbench,0.521051,8
V46,500,embspatial,0.6961539999999999,8
V46,550,vsi_bench,0.307046,8
V46,550,mmsi_bench,0.276,8
V46,550,mindcube_tiny,0.34571399999999997,8
V46,550,viewspatial,0.36519599999999997,8
V46,550,site,0.38667999999999997,8
V46,550,blink,0.56189,8
V46,550,3dsrbench,0.521907,8
V46,550,embspatial,0.698626,8
V46,600,vsi_bench,0.307862,8
V46,600,mmsi_bench,0.276,8
V46,600,mindcube_tiny,0.34952399999999995,8
V46,600,viewspatial,0.36397100000000004,8
V46,600,site,0.38968,8
V46,600,blink,0.561082,8
V46,600,3dsrbench,0.521564,8
V46,600,embspatial,0.7032970000000001,8
V46,650,vsi_bench,0.308056,8
V46,650,mmsi_bench,0.272,8
V46,650,mindcube_tiny,0.34571399999999997,8
V46,650,viewspatial,0.365546,8
V46,650,site,0.390033,8
V46,650,blink,0.560756,8
V46,650,3dsrbench,0.521308,8
V46,650,embspatial,0.7005490000000001,8
V46,700,vsi_bench,0.309442,8
V46,700,mmsi_bench,0.27699999999999997,8
V46,700,mindcube_tiny,0.34952399999999995,8
V46,700,viewspatial,0.365896,8
V46,700,site,0.389504,8
V46,700,blink,0.557157,8
V46,700,3dsrbench,0.5211359999999999,8
V46,700,embspatial,0.7032970000000001,8
V47,50,vsi_bench,0.296686,8
V47,50,mmsi_bench,0.271,8
V47,50,mindcube_tiny,0.35238100000000006,8
V47,50,viewspatial,0.364846,8
V47,50,site,0.38120899999999996,8
V47,50,blink,0.5579270000000001,8
V47,50,3dsrbench,0.520965,8
V47,50,embspatial,0.6991759999999999,8
V47,100,vsi_bench,0.297424,8
V47,100,mmsi_bench,0.282,8
V47,100,mindcube_tiny,0.35619,8
V47,100,viewspatial,0.36292,8
V47,100,site,0.37962,8
V47,100,blink,0.5546329999999999,8
V47,100,3dsrbench,0.52165,8
V47,100,embspatial,0.6961539999999999,8
V47,700,vsi_bench,0.317336,8
V47,700,mmsi_bench,0.284,8
V47,700,mindcube_tiny,0.34952399999999995,8
V47,700,viewspatial,0.36904800000000004,8
V47,700,site,0.39426900000000004,8
V47,700,blink,0.554251,8
V47,700,3dsrbench,0.522078,8
V47,700,embspatial,0.698352,8
V48,50,vsi_bench,0.296686,8
V48,50,mmsi_bench,0.271,8
V48,50,mindcube_tiny,0.35238100000000006,8
V48,50,viewspatial,0.364846,8
V48,50,site,0.38120899999999996,8
V48,50,blink,0.5579270000000001,8
V48,50,3dsrbench,0.520965,8
V48,50,embspatial,0.6991759999999999,8
V48,100,vsi_bench,0.295227,8
V48,100,mmsi_bench,0.276,8
V48,100,mindcube_tiny,0.36,8
V48,100,viewspatial,0.361169,8
V48,100,site,0.379797,8
V48,100,blink,0.556506,8
V48,100,3dsrbench,0.52242,8
V48,100,embspatial,0.7,8
V48,700,vsi_bench,0.308475,8
V48,700,mmsi_bench,0.284,8
V48,700,mindcube_tiny,0.357143,8
V48,700,viewspatial,0.368522,8
V48,700,site,0.38667999999999997,8
V48,700,blink,0.556501,8
V48,700,3dsrbench,0.524046,8
V48,700,embspatial,0.698626,8
V50,50,3dsrbench,0.520965,2
V50,50,embspatial,0.6991759999999999,2
V50,100,3dsrbench,0.520965,2
V50,100,embspatial,0.6994509999999999,2
V50,700,3dsrbench,0.5237890000000001,2
V50,700,embspatial,0.6994509999999999,2
