model,step,suite,status,n,success_rate,final_score,spl
V46,50,id_test,ok,7169,0.15399637327381782,0.20269849724751315,0.14896781713864865
V46,50,ood_v2_centering,ok,25,0.2,0.2161658168927356,0.2
V46,50,ood_scene,ok,316,0.25,0.32897970344391575,0.24294253566405463
V46,50,ood_instance,ok,200,0.25,0.3921686056044302,0.23742812742812747
V46,50,ood_category,ok,338,0.10355029585798817,0.17608627515404446,0.10096153846153846
V46,50,ood_template,ok,355,0.2112676056338028,0.25535225791900107,0.20962441314553987
V46,50,ood_geometry,ok,335,0.21791044776119403,0.26692831527726996,0.2148424543946932
V46,50,smoke,ok,3,0.3333333333333333,0.28728793057543117,0.11904761904761905
V46,100,id_test,ok,7169,0.20128330311061515,0.2255480257712899,0.19755681801161518
V46,100,ood_v2_centering,ok,25,0.24,0.25878363363741674,0.24
V46,100,ood_scene,ok,316,0.3322784810126582,0.3909208152979937,0.33003691983122363
V46,100,ood_instance,ok,200,0.355,0.4487227453766725,0.355
V46,100,ood_category,ok,338,0.1863905325443787,0.19634562308397033,0.1863905325443787
V46,100,ood_template,ok,355,0.21971830985915494,0.27018819387114645,0.21924882629107983
V46,100,ood_geometry,ok,335,0.27761194029850744,0.28967577948899137,0.2641154036676425
V46,100,smoke,ok,3,0.3333333333333333,0.28728793057543117,0.11904761904761905
V46,150,id_test,ok,7169,0.2329474124703585,0.23616430374000735,0.23139849061525727
V46,150,ood_v2_centering,ok,25,0.24,0.2614330734815615,0.24
V46,150,ood_scene,ok,316,0.43354430379746833,0.44469304964686185,0.43264014466546113
V46,150,ood_instance,ok,200,0.58,0.5530715734880784,0.58
V46,150,ood_category,ok,338,0.16863905325443787,0.2133048003709665,0.16691321499013806
V46,150,ood_template,ok,355,0.27605633802816903,0.31037088995848666,0.2745305164319249
V46,150,ood_geometry,ok,335,0.2865671641791045,0.29128064086913824,0.2865671641791045
V46,150,smoke,ok,3,0.0,0.20664462486487647,0.0
V46,200,id_test,ok,7169,0.2369926070581671,0.2345429946528301,0.23550103338951156
V46,200,ood_v2_centering,ok,25,0.24,0.2508370767853906,0.24
V46,200,ood_scene,ok,316,0.4272151898734177,0.4202437119352329,0.4272151898734177
V46,200,ood_instance,ok,200,0.54,0.5240950501988163,0.54
V46,200,ood_category,ok,338,0.1804733727810651,0.2083125459591348,0.17936390532544377
V46,200,ood_template,ok,355,0.2647887323943662,0.3085817845256304,0.26431924882629104
V46,200,ood_geometry,ok,335,0.29850746268656714,0.2931470265943837,0.2949004975124378
V46,200,smoke,ok,3,0.3333333333333333,0.3049287243535506,0.1388888888888889
V46,250,id_test,ok,7169,0.2425721857999721,0.2396871463729658,0.240407421670909
V46,250,ood_v2_centering,ok,25,0.24,0.2902051608813201,0.24
V46,250,ood_scene,ok,316,0.4651898734177215,0.4463551157248805,0.46074114841313507
V46,250,ood_instance,ok,200,0.57,0.5520547764654583,0.57
V46,250,ood_category,ok,338,0.1893491124260355,0.22245176732564348,0.1870245139475909
V46,250,ood_template,ok,355,0.29295774647887324,0.3177509183674764,0.2924882629107981
V46,250,ood_geometry,ok,335,0.3164179104477612,0.31099946079089835,0.3150675195451315
V46,250,smoke,ok,3,0.0,0.03333333601858507,0.0
V46,300,id_test,ok,7169,0.1842655879481099,0.20694273572966315,0.18125384596649766
V46,300,ood_v2_centering,ok,25,0.2,0.20159142307543473,0.2
V46,300,ood_scene,ok,316,0.3227848101265823,0.38109079655890854,0.3206751054852321
V46,300,ood_instance,ok,200,0.405,0.4666373147462429,0.4027777777777778
V46,300,ood_category,ok,338,0.14201183431952663,0.19564669153216122,0.13780930607853684
V46,300,ood_template,ok,355,0.2084507042253521,0.2648434595523414,0.20617035546613016
V46,300,ood_geometry,ok,335,0.28059701492537314,0.28660450490618633,0.278150912106136
V46,300,smoke,ok,3,0.0,0.03373552810280113,0.0
V46,350,id_test,ok,7169,0.20756032919514578,0.22387200234471885,0.20316220462337511
V46,350,ood_v2_centering,ok,25,0.2,0.2131400962241593,0.2
V46,350,ood_scene,ok,316,0.38924050632911394,0.3994989991720728,0.38699894514767935
V46,350,ood_instance,ok,200,0.445,0.4880058033739616,0.43895833333333334
V46,350,ood_category,ok,338,0.15680473372781065,0.1848842674264093,0.15595942519019443
V46,350,ood_template,ok,355,0.24225352112676057,0.28507792661868187,0.24039235412474852
V46,350,ood_geometry,ok,335,0.26865671641791045,0.2882770011677511,0.2646943852167733
V46,350,smoke,ok,3,0.0,0.0417728617290476,0.0
V46,400,id_test,ok,7169,0.21146603431440927,0.22837380062194915,0.20821777144137302
V46,400,ood_v2_centering,ok,25,0.2,0.21761743749927775,0.19333333333333333
V46,400,ood_scene,ok,316,0.33544303797468356,0.37128905039427573,0.33386075949367083
V46,400,ood_instance,ok,200,0.44,0.47956981056349535,0.43229166666666674
V46,400,ood_category,ok,338,0.20118343195266272,0.22038577621392802,0.1967631727247112
V46,400,ood_template,ok,355,0.24225352112676057,0.2809179624145468,0.23715627095908787
V46,400,ood_geometry,ok,335,0.2865671641791045,0.3082144194514021,0.28436389481165597
V46,400,smoke,ok,3,0.3333333333333333,0.3085703694066598,0.3333333333333333
V46,450,id_test,ok,7169,0.21885897614730088,0.23239293299723288,0.2148406586799244
V46,450,ood_v2_centering,ok,25,0.24,0.2622669400554458,0.24
V46,450,ood_scene,ok,316,0.4177215189873418,0.43156009268744217,0.41666666666666663
V46,450,ood_instance,ok,200,0.475,0.5064622978540356,0.475
V46,450,ood_category,ok,338,0.15384615384615385,0.2010394191500376,0.15005681330932166
V46,450,ood_template,ok,355,0.2563380281690141,0.297871922144398,0.2534037558685446
V46,450,ood_geometry,ok,335,0.29253731343283584,0.3087245463655561,0.29083155650319825
V46,450,smoke,ok,3,0.0,0.01666666666666668,0.0
V46,500,id_test,ok,7169,0.2291811968196401,0.23790846330834498,0.2256198532485322
V46,500,ood_v2_centering,ok,25,0.24,0.25812938190125245,0.24
V46,500,ood_scene,ok,316,0.3987341772151899,0.4140451029897095,0.395042194092827
V46,500,ood_instance,ok,200,0.51,0.5160507234171149,0.5075
V46,500,ood_category,ok,338,0.19230769230769232,0.2319315213734245,0.18985981966751198
V46,500,ood_template,ok,355,0.27605633802816903,0.30600046541257375,0.27033578281281895
V46,500,ood_geometry,ok,335,0.28059701492537314,0.3092697502837155,0.27614810562571757
V46,500,smoke,ok,3,0.0,0.016666666666668987,0.0
V46,550,id_test,ok,7169,0.22834426000836938,0.23716129285050913,0.22548292915191237
V46,550,ood_v2_centering,ok,25,0.28,0.28015854982750166,0.28
V46,550,ood_scene,ok,316,0.41139240506329117,0.41826416133407573,0.4094449853943525
V46,550,ood_instance,ok,200,0.51,0.5198867074100665,0.51
V46,550,ood_category,ok,338,0.17751479289940827,0.22323232972102597,0.17509040105193951
V46,550,ood_template,ok,355,0.2591549295774648,0.2872345239059559,0.25868544600938964
V46,550,ood_geometry,ok,335,0.28955223880597014,0.3038069832368441,0.287106135986733
V46,550,smoke,ok,3,0.0,0.016825768889271307,0.0
V46,600,id_test,ok,7169,0.22806528107127913,0.2351118086178881,0.2255172473482669
V46,600,ood_v2_centering,ok,25,0.28,0.2660883651649697,0.25666666666666665
V46,600,ood_scene,ok,316,0.4651898734177215,0.4549672450740857,0.4616736990154712
V46,600,ood_instance,ok,200,0.555,0.5333356992316559,0.5525
V46,600,ood_category,ok,338,0.1834319526627219,0.2229478960201538,0.17912002527387144
V46,600,ood_template,ok,355,0.27323943661971833,0.30532247783704547,0.27018779342723004
V46,600,ood_geometry,ok,335,0.28059701492537314,0.3031811763735656,0.2791044776119403
V46,600,smoke,ok,3,0.0,0.0,0.0
V46,650,id_test,ok,7169,0.2286232389454596,0.2352653713948863,0.22506863426549428
V46,650,ood_v2_centering,ok,25,0.28,0.2677380271128722,0.28
V46,650,ood_scene,ok,316,0.4525316455696203,0.44575865769825723,0.449223245109321
V46,650,ood_instance,ok,200,0.55,0.539289777857518,0.5475
V46,650,ood_category,ok,338,0.19822485207100593,0.219322815291769,0.19360207100591717
V46,650,ood_template,ok,355,0.2676056338028169,0.3110231274639526,0.2636709143751397
V46,650,ood_geometry,ok,335,0.2955223880597015,0.30197127485658753,0.2881313131313131
V46,650,smoke,ok,3,0.0,0.016666666666668987,0.0
V46,700,id_test,ok,7169,0.23392383875017436,0.2393371860984454,0.23035609345650468
V46,700,ood_v2_centering,ok,25,0.24,0.24938091415527977,0.24
V46,700,ood_scene,ok,316,0.45569620253164556,0.439691826307559,0.44899392938743515
V46,700,ood_instance,ok,200,0.55,0.5401271970200456,0.5475
V46,700,ood_category,ok,338,0.1952662721893491,0.21549381587253646,0.1925863991081382
V46,700,ood_template,ok,355,0.27887323943661974,0.31165939948216775,0.27511737089201876
V46,700,ood_geometry,ok,335,0.29253731343283584,0.3197243305337752,0.29009121061359866
V46,700,smoke,ok,3,0.0,0.0,0.0
V47,50,id_test,ok,7169,0.15399637327381782,0.20269849724751315,0.14896781713864865
V47,50,ood_v2_centering,ok,25,0.2,0.2161658168927356,0.2
V47,50,ood_scene,ok,316,0.25,0.32897970344391575,0.24294253566405463
V47,50,ood_instance,ok,200,0.25,0.3921686056044302,0.23742812742812747
V47,50,ood_category,ok,338,0.10355029585798817,0.17608627515404446,0.10096153846153846
V47,50,ood_template,ok,355,0.2112676056338028,0.25535225791900107,0.20962441314553987
V47,50,ood_geometry,ok,335,0.21791044776119403,0.26692831527726996,0.2148424543946932
V47,50,smoke,ok,3,0.3333333333333333,0.28728793057543117,0.11904761904761905
V47,100,id_test,ok,7169,0.20672339238387502,0.22106801580265534,0.20314038497885617
V47,100,ood_v2_centering,ok,25,0.16,0.18724533420987108,0.16
V47,100,ood_scene,ok,316,0.3512658227848101,0.3674127762490043,0.34968354430379744
V47,100,ood_instance,ok,200,0.475,0.49151715612182545,0.46833333333333327
V47,100,ood_category,ok,338,0.16272189349112426,0.19244725606225255,0.15729196017657557
V47,100,ood_template,ok,355,0.23098591549295774,0.28102449751401604,0.22577129443326624
V47,100,ood_geometry,ok,335,0.2865671641791045,0.29136219280492776,0.28114244793349275
V47,100,smoke,ok,3,0.3333333333333333,0.28728793057543117,0.11904761904761905
V47,700,id_test,ok,7169,0.2037941135444274,0.21322613963654372,0.20047341839842156
V47,700,ood_v2_centering,ok,25,0.24,0.2629442679945152,0.24
V47,700,ood_scene,ok,316,0.3227848101265823,0.3640710250885746,0.31752938517179025
V47,700,ood_instance,ok,200,0.4,0.4604810938681623,0.4
V47,700,ood_category,ok,338,0.15976331360946747,0.19866204760573902,0.15927021696252464
V47,700,ood_template,ok,355,0.2647887323943662,0.29590748576282844,0.2581377151799687
V47,700,ood_geometry,ok,335,0.26865671641791045,0.28046762101474143,0.2673063255152808
V47,700,smoke,ok,3,0.0,0.13012205411336572,0.0
V48,50,id_test,ok,7169,0.15399637327381782,0.20269849724751315,0.14896781713864865
V48,50,ood_v2_centering,ok,25,0.2,0.2161658168927356,0.2
V48,50,ood_scene,ok,316,0.25,0.32897970344391575,0.24294253566405463
V48,50,ood_instance,ok,200,0.25,0.3921686056044302,0.23742812742812747
V48,50,ood_category,ok,338,0.11242603550295859,0.17478830893545882,0.11094674556213018
V48,50,ood_template,ok,355,0.21690140845070421,0.2663695873546691,0.2122504256307073
V48,50,ood_geometry,ok,335,0.21492537313432836,0.2571578946962852,0.21442786069651745
V48,50,smoke,ok,3,0.3333333333333333,0.28728793057543117,0.11904761904761905
V48,100,id_test,ok,7169,0.22109080764402286,0.2463829909266231,0.21855098722513985
V48,100,ood_v2_centering,ok,25,0.2,0.21964749603841366,0.2
V48,100,ood_scene,ok,316,0.3670886075949367,0.3916193907582594,0.3665611814345992
V48,100,ood_instance,ok,200,0.4,0.4433309125098412,0.4
V48,100,ood_category,ok,338,0.16272189349112426,0.21340906261699555,0.16111932938856013
V48,100,ood_template,ok,355,0.22253521126760564,0.2735504090106658,0.2208920187793427
V48,100,ood_geometry,ok,335,0.28955223880597014,0.29815569903667316,0.28955223880597014
V48,100,smoke,ok,3,0.3333333333333333,0.30857036938545285,0.3333333333333333
V48,700,id_test,ok,7169,0.23211047565908774,0.23091148570578168,0.22891624772988972
V48,700,ood_v2_centering,ok,25,0.28,0.26558957489568324,0.2733333333333334
V48,700,ood_scene,ok,316,0.4430379746835443,0.42827863909779346,0.44066455696202533
V48,700,ood_instance,ok,200,0.55,0.5277506158623854,0.5491666666666667
V48,700,ood_category,ok,338,0.16568047337278108,0.20279298327501763,0.16457100591715976
V48,700,ood_template,ok,355,0.2535211267605634,0.28877244512475797,0.2500782472613458
V48,700,ood_geometry,ok,335,0.2626865671641791,0.28061879969028575,0.26021677327647474
V48,700,smoke,ok,3,0.0,0.0,0.0
V50,50,id_test,ok,7169,0.15134607337146044,0.1985543207539685,0.14605780503947302
V50,50,ood_v2_centering,ok,25,0.2,0.21583694607555642,0.2
V50,50,ood_scene,ok,316,0.24367088607594936,0.3276450085329919,0.2427667269439421
V50,50,ood_instance,ok,200,0.225,0.3809724666603931,0.21775252525252525
V50,50,ood_category,ok,338,0.11538461538461539,0.17551414256015455,0.11196282350128504
V50,50,ood_template,ok,355,0.23098591549295774,0.2720745001507252,0.2272468142186452
V50,50,ood_geometry,ok,335,0.21791044776119403,0.2777241776162159,0.21407895587000064
V50,50,smoke,ok,3,0.3333333333333333,0.33407073720734287,0.11904761904761905
V50,100,id_test,ok,7169,0.222346212860929,0.233571601744023,0.21999673889756197
V50,100,ood_v2_centering,ok,25,0.2,0.22576934247298933,0.2
V50,100,ood_scene,ok,316,0.3639240506329114,0.38720759136662225,0.3630198915009042
V50,100,ood_instance,ok,200,0.465,0.4985260430531228,0.4613636363636364
V50,100,ood_category,ok,338,0.1804733727810651,0.2135200207491827,0.1804733727810651
V50,100,ood_template,ok,355,0.2563380281690141,0.2925346175668742,0.25528169014084506
V50,100,ood_geometry,ok,335,0.28955223880597014,0.2973278486367616,0.2859630419331912
V50,100,smoke,ok,3,0.0,0.08011614265049678,0.0
V50,700,id_test,ok,7169,0.23211047565908774,0.23044429891158918,0.23078062070599384
V50,700,ood_v2_centering,ok,25,0.16,0.2143981316730148,0.16
V50,700,ood_scene,ok,316,0.45569620253164556,0.4391902413818434,0.45569620253164556
V50,700,ood_instance,ok,200,0.575,0.5428839805731819,0.575
V50,700,ood_category,ok,338,0.17455621301775148,0.20722498538234735,0.17455621301775148
V50,700,ood_template,ok,355,0.3154929577464789,0.32780803192704966,0.307981220657277
V50,700,ood_geometry,ok,335,0.27761194029850744,0.2981277095658183,0.27549751243781095
V50,700,smoke,ok,3,0.0,0.3084723499376652,0.0
Cambrian-C8,50,id_test,missing,0,,,
Cambrian-C8,100,id_test,missing,0,,,
Cambrian-C8,1000,id_test,missing,0,,,
Cambrian-C4,960,id_test,missing,0,,,
